S1,S2,v,V_max,K_m1,K_m2
1.0,1.5,0.9635974304068518,0.9374999999999998,0.09374999999999982,0.09999999999999988
1.0,2.5,1.0187449062754685,0.9615384615384616,0.09615384615384605,0.09999999999999976
1.0,5.0,1.063377286261165,0.9803921568627447,0.0980392156862744,0.10000000000000017
