S1,S2,Rate,V_max,K_m1,K_m2
1.0,1.5,0.857142857142857,1.0,0.10000000000000019,0.09999999999999992
1.0,2.5,0.8771929824561403,1.0000000000000002,0.10000000000000031,0.09999999999999981
1.0,5.0,0.8928571428571428,0.9999999999999993,0.09999999999999916,0.10000000000000014
